<?xml version="1.0" encoding="UTF-8" standalone="no"?>
<Fichier>
    <Header>
        <FicID>eb62c642-c677-45c8-bb3b-7e0ef3f90d37</FicID>
        <nmIE>lui</nmIE>
        <nmIR>elle</nmIR>
        <MailDest>elle@hotmail.fr</MailDest>
        <MailExp>lui@hotmail.fr</MailExp>
    </Header>
    <Body>
        <CollMess NbOfTxs="1">
            <Message MsgId="04cbc198-2751-4137-9065-90834ce78d7a">
                <Dte>Thu Nov 22 16:25:48 CET 2018</Dte>
                <DureeValideMsg>3</DureeValideMsg>
                <Dmd>
                    <DescDmd>accept me</DescDmd>
                    <DateDebut>Thu Nov 22 16:25:48 CET 2018</DateDebut>
                    <DateFin/>
                </Dmd>
            </Message>
        </CollMess>
    </Body>
</Fichier>